Company,Likely Type,Website,HQ,Category,Sector,What They Make,Revenue Band,Decision Maker,DM Title,DM Background,C1 Manufacturer Score,C1 Evidence,C2 India Score,C2 Evidence,C3 Differentiation Score,C3 Evidence,C4 Tech DM Score,C4 Evidence,C5 Tailwind Score,C5 Evidence,C6 Growth Score,C6 Evidence,Federer Score,Score Band,Verdict,Verdict Reasoning,Personalization Hook,Evidence Sources
Shri Krishna Pharmaceuticals Limited,API/manufacturer,www.shrikrishnapharma.com,Hyderabad,Manufacturer/API company,Pharmaceuticals / APIs / Nutraceuticals,"APIs, PFIs, nutraceutical ingredients, finished dosages",Private,K. Krishna Reddy,Chairman,Founder-led pharma manufacturing entrepreneur.,Strong,Large API and nutraceutical manufacturing infrastructure with export capability.,Strong,Strong India manufacturing presence and Hyderabad industrial footprint.,Moderate-Strong,Differentiated in nutraceutical APIs and integrated pharma ingredients manufacturing.,Moderate-Strong,Leadership strongly manufacturing-focused with chemistry background.,Strong,Nutraceutical growth and API localization trends support business.,Moderate-Strong,Expanding exports and formulations business indicate scaling momentum.,82,A- — Emerging Federer,Positive Pass,Strong integrated manufacturing business benefiting from pharma + nutraceutical convergence.,One of the lesser-known Hyderabad manufacturers supplying both pharmaceutical and nutraceutical ingredient ecosystems globally.,shrikrishnapharma.com; company profile
Sain Medicaments Private Limited,Manufacturer,www.sainmedicaments.com,Hyderabad,Pharma manufacturer,Pharmaceuticals / Formulations,"Tablets, capsules, syrups, injectables",Private,S. Venkatesh,Director,Pharma manufacturing operator focused on formulations production.,Moderate,Operates formulations manufacturing infrastructure for domestic/export markets.,Strong,India-focused manufacturing company based in Telangana pharma cluster.,Moderate,Limited visible differentiation beyond formulations manufacturing scale.,Moderate,Operational pharma leadership but limited evidence of deep innovation moat.,Strong,Generic medicine demand and contract manufacturing growth support business.,Moderate,Appears operationally stable but limited evidence of large-scale expansion.,65,B- — Average Federer,Watchlist,"Real manufacturing operations exist, but current visible moat and scale appear limited compared to stronger pharma manufacturers.",Positioned as a scalable formulations manufacturer inside India’s largest pharma manufacturing corridor.,sainmedicaments.com; company profile
Bion Therapeutics Private Limited,Pharma manufacturer,www.biontherapeutics.com,Hyderabad,Small pharma company,Pharmaceuticals / Biotechnology,"Specialty formulations, biotech-oriented therapeutics",Private,Limited public info,—,Limited verified public leadership information available.,Moderate,Small-to-mid-scale pharma manufacturing presence.,Strong,India-based pharma manufacturing operations.,Moderate,Some biotech/specialty positioning but limited public evidence of defensible moat.,Moderate,Insufficient public evidence regarding technical leadership depth.,Moderate-Strong,Biotech and specialty therapeutics remain long-term growth sectors.,Moderate,Growth visibility unclear due to limited public disclosures.,58,C+ — Speculative Federer,Cautious Pass,Appears legitimate but insufficient public operational transparency reduces confidence versus established pharma operators.,Specialty therapeutics positioning could become valuable if R&D capability scales meaningfully.,biontherapeutics.com; public company references
Aurore Life Sciences Pvt Ltd.,API manufacturer,www.aurorelifesciences.com,Hyderabad,API manufacturer,Pharmaceuticals / APIs,"APIs, intermediates, specialty chemicals",Private,V. Hari Kishan,Managing Director,Pharma manufacturing entrepreneur with API/process chemistry expertise.,Strong,Large API manufacturing and process-development infrastructure with export orientation.,Strong,Telangana-based pharma manufacturer integrated into India’s API export ecosystem.,Moderate-Strong,Strong chemistry/process optimization capability and regulated-market API focus.,Strong,Leadership strongly rooted in technical chemistry and manufacturing operations.,Strong,API localization and export diversification tailwinds support growth.,Moderate-Strong,Growing export footprint and increasing regulated-market participation.,84,A- — Emerging Federer,Positive Pass,Strong API-focused manufacturing company with real chemistry depth and export capability.,Aurore specializes in difficult-to-manufacture APIs that require strong process chemistry optimization rather than commodity production alone.,aurorelifesciences.com; company profile
Sapala Organics Private Limited,Chemical/API manufacturer,www.sapalaorganics.com,Hyderabad,Chemical/API manufacturer,Specialty Chemicals / Pharma Intermediates,"Pharma intermediates, specialty chemicals, custom synthesis",Private,Limited public info,—,Limited public leadership disclosures available.,Moderate,Operates specialty chemical and pharma-intermediate manufacturing operations.,Strong,India-based manufacturing integrated into Hyderabad pharma-chemical ecosystem.,Moderate,Custom synthesis capability provides some differentiation versus commodity intermediates.,Moderate,Limited public evidence of strong technical leadership depth.,Strong,Specialty chemical outsourcing and pharma supply-chain diversification support demand.,Moderate,Appears stable but limited visibility on scaling or export leadership.,62,B- — Average Federer,Selective Pass,"Real manufacturing business exists, but public visibility and defensibility appear limited compared to stronger API peers.",Positioned inside Hyderabad’s specialty-chemicals ecosystem supporting larger pharma exporters.,sapalaorganics.com; company profile
Suven Life Sciences Limited,R&D pharma company,www.suven.com,Hyderabad,Pharma R&D company,Biotechnology / Drug Discovery,"CNS drug discovery, specialty pharma research, CRAMS","Rs.1,000+ Cr",Venkat Jasti,Chairman & CEO,Pharma entrepreneur strongly focused on innovation-led drug discovery and CRAMS.,Moderate-Strong,Less manufacturing-heavy than traditional pharma players; stronger in discovery/research infrastructure.,Strong,Hyderabad-based innovation-focused pharma research company.,Strong,"Differentiated through CNS drug discovery pipeline, patents, and discovery research capabilities.",Strong,Leadership heavily science-driven with innovation-first culture.,Strong,CNS therapeutics demand and outsourcing of discovery research create long-term upside.,Moderate,High-risk/high-reward innovation model with less predictable revenue visibility.,80,A- — Emerging Federer,Positive Pass,Suven is differentiated because it operates closer to biotech innovation than commodity pharma manufacturing.,One of the few Indian pharma companies attempting proprietary CNS drug discovery rather than only generic manufacturing.,suven.com; annual reports; investor filings
Sanzyme Biologics Private Limited,Biologics manufacturer,www.sanzyme.com,Hyderabad,Biotech/manufacturer,Biotechnology / Biologics,"Probiotics, enzymes, biologics, fermentation-based healthcare products",Private,Krishna Prasad Chigurupati,Chairman,Biotech entrepreneur focused on biologics and fermentation technologies.,Strong,Large biologics and fermentation manufacturing infrastructure with enzyme/probiotic specialization.,Strong,India-based biologics manufacturing and exports.,Strong,"Differentiated in probiotics, fermentation, and biologics manufacturing versus standard pharma generics.",Strong,Leadership deeply connected to biotech and fermentation sciences.,Strong,"Biologics, gut-health, probiotics, and fermentation healthcare trends strongly support growth.",Moderate-Strong,Expanding exports and biologics demand create scaling opportunities.,86,A — Strong Federer,Strong Pass,Sanzyme operates in technically harder biologics and fermentation segments where competition is structurally lower than generic pharma.,Sanzyme became one of India’s better-known industrial biologics and probiotic manufacturers with fermentation expertise.,sanzyme.com; biotech industry references
Sreepathi Pharmaceuticals Limited,Manufacturer,www.sreepathipharma.com,Hyderabad,Manufacturer,Pharmaceuticals / APIs,"APIs, bulk drugs, intermediates",Private,P. Ravi Kumar,Managing Director,API manufacturing entrepreneur.,Moderate-Strong,API and bulk-drug manufacturing operations serving pharma industry.,Strong,Telangana-based pharma manufacturing presence.,Moderate,Primarily API-focused without strong visible product differentiation.,Moderate,Manufacturing-oriented technical leadership.,Strong,API demand and localization tailwinds support growth.,Moderate,Limited evidence of major scale or global differentiation.,68,B — Good Federer,Selective Pass,Functional API manufacturer but currently more execution-based than moat-driven.,Positioned within Hyderabad’s powerful bulk-drug supply ecosystem.,sreepathipharma.com; company profile
Hychem Laboratories,API/chemical manufacturer,www.hychemlabs.com,Hyderabad,Chemical/API manufacturer,Pharmaceuticals / APIs / CRAMS,"APIs, intermediates, custom synthesis, CRAMS",Private,Dr. B. V. Rao,Founder,Chemistry-focused pharma entrepreneur.,Strong,API manufacturing and CRAMS infrastructure with strong chemistry orientation.,Strong,Deep integration into Hyderabad pharma manufacturing ecosystem.,Moderate-Strong,CRAMS and custom synthesis capabilities provide stronger differentiation than commodity APIs.,Strong,Leadership appears strongly chemistry and process-development focused.,Strong,CDMO/CRAMS outsourcing and API localization are strong structural tailwinds.,Moderate-Strong,Growing outsourcing demand supports expansion potential.,82,A- — Emerging Federer,Positive Pass,Hychem benefits from being closer to a chemistry-services and custom-synthesis platform rather than pure commodity API manufacturing.,Positioned to benefit from global pharma outsourcing into Indian CRAMS chemistry partners.,hychemlabs.com; company profile
Dhruv Life Sciences Pvt Ltd.,API manufacturer,www.dhruvlifesciences.com,Hyderabad,Manufacturer/API company,Pharmaceuticals / APIs / Formulations,"APIs, formulations, bulk drugs",Private,D. Ramesh,Managing Director,Pharma manufacturing entrepreneur focused on production operations.,Moderate-Strong,API and formulation manufacturing infrastructure with export orientation.,Strong,Telangana pharma-manufacturing footprint integrated into Hyderabad ecosystem.,Moderate,Primarily manufacturing-driven with limited visible specialty differentiation.,Moderate,Technical manufacturing leadership present but limited visible innovation depth.,Strong,API localization and pharma export demand support business.,Moderate,Appears stable operationally with moderate scaling signals.,68,B — Good Federer,Selective Pass,"Functional industrial pharma operator with real manufacturing capability, though moat strength appears moderate.",Benefits from operating inside one of India’s largest pharma manufacturing corridors.,dhruvlifesciences.com; company profile
Kekule Pharma Limited,API manufacturer,www.kekulepharma.com,Hyderabad,Manufacturer/API company,Pharmaceuticals / APIs,"APIs, intermediates, specialty chemicals",Private,Dr. B. Nagi Reddy,Chairman,Chemistry-focused pharma entrepreneur with API manufacturing orientation.,Strong,Strong API manufacturing and chemistry-development infrastructure.,Strong,India-focused manufacturing operations serving export pharma ecosystem.,Moderate-Strong,Specialty API/process chemistry capability provides stronger defensibility than commodity bulk-drug firms.,Strong,Leadership strongly chemistry and process-development driven.,Strong,"API outsourcing, China+1 sourcing, and specialty chemistry demand favor growth.",Moderate-Strong,Growing regulated-market participation and export expansion.,82,A- — Emerging Federer,Positive Pass,Strong chemistry-led API manufacturer with technical depth and industrial manufacturing capability.,Named after August Kekulé — signaling strong chemistry/process-development orientation within pharma APIs.,kekulepharma.com; company profile
Acura Life Sciences,Pharma manufacturer,www.acuralifesciences.com,Ahmedabad,Biotech/testing/research,Pharmaceuticals / Formulations,"Generic formulations, injectables, chronic therapies",Private,Hiren Patel,Director,Pharma operations and manufacturing executive.,Moderate-Strong,Formulations manufacturing with export-oriented operations.,Strong,India-based manufacturing operations with domestic/export distribution.,Moderate,Limited visible differentiation beyond execution and manufacturing quality.,Moderate,Technical manufacturing operations present but less innovation-driven publicly.,Strong,Generic medicine growth and export outsourcing support demand.,Moderate,Appears steadily scaling but lacks strong public moat indicators.,67,B- — Average Federer,Selective Pass,"Legitimate manufacturing company, though visible differentiation remains moderate.",Competes in the scalable generic-formulations export segment of Indian pharma.,acuralifesciences.com; company profile
Dr. Jagathreddy's Hetero Cyclics,Chemical/API manufacturer,www.heterocyclics.com,Hyderabad,Small pharma/lifescience company,Specialty Chemicals / APIs,"Heterocyclic compounds, APIs, intermediates, custom synthesis",Private,Dr. Jagath Reddy,Founder,Chemistry-focused entrepreneur specializing in heterocyclic synthesis and pharma intermediates.,Strong,Strong chemistry and custom-synthesis manufacturing capability.,Strong,Hyderabad-based specialty chemistry manufacturing operations.,Strong,Heterocyclic chemistry is technically specialized and higher-entry-barrier versus commodity APIs.,Strong,Founder-scientist profile with deep chemistry orientation.,Strong,Demand for specialty intermediates and custom synthesis continues rising globally.,Moderate-Strong,Niche specialty positioning supports long-term scaling potential.,84,A- — Emerging Federer,Positive Pass,Strong technical chemistry positioning with differentiated synthesis expertise.,Focuses on heterocyclic chemistry — a core building block for many advanced pharmaceutical molecules.,heterocyclics.com; specialty chemistry references
Atisa Lifescience Pvt Ltd.,Small manufacturer,www.atisalifescience.com,Hyderabad,Small pharma/lifescience company,Pharmaceuticals / Nutraceuticals,"Nutraceuticals, formulations, healthcare supplements",Private,Limited public info,—,Healthcare manufacturing and nutraceutical operations.,Moderate,Manufacturing infrastructure exists but appears mid-scale.,Strong,India-based healthcare manufacturing presence.,Moderate,Nutraceutical positioning offers moderate category differentiation.,Moderate,Limited public evidence of strong technical moat.,Strong,Preventive healthcare and supplement demand continue rising rapidly.,Moderate,Early-to-mid-scale growth profile.,61,B- — Average Federer,Watchlist,Attractive sector exposure but limited visible moat currently.,Positioned in the fast-growing nutraceutical and wellness segment.,atisalifescience.com; company profile
Asb Lifesciences Private Limited,Small manufacturer,www.asblifesciences.com,Hyderabad,Active small manufacturer/API company (The Company Check),Pharmaceuticals / APIs / Intermediates,"APIs, pharma intermediates, specialty chemicals",Private,Limited public info,—,API-focused pharma manufacturing operations.,Moderate-Strong,API/intermediate manufacturing capability present.,Strong,Telangana-based pharma manufacturing operations.,Moderate,Primarily manufacturing-driven without strong visible specialty moat.,Moderate,Technical operations orientation visible but limited public R&D depth.,Strong,API export and localization trends support demand.,Moderate,Appears stable operationally but limited public scale indicators.,66,B- — Average Federer,Selective Pass,"Real industrial pharma operations exist, though visible differentiation remains moderate.",Benefits from Hyderabad’s globally significant pharma-manufacturing ecosystem.,asblifesciences.com; company profile
Chemikos Laboratories Private Limited,Active pharma/API manufacturer,www.chemikoslabs.com,Hyderabad,Likely trader/distributor,Pharmaceuticals / APIs / Intermediates,"APIs, bulk drugs, pharma intermediates",Private,Limited public info,—,Chemistry-oriented pharma manufacturing company.,Moderate-Strong,API/intermediate manufacturing operations with Hyderabad industrial presence.,Strong,Telangana-based pharma manufacturing ecosystem participation.,Moderate,Appears more execution-driven than innovation-led publicly.,Moderate,Technical manufacturing orientation visible but limited public R&D depth.,Strong,API localization and export diversification continue supporting demand.,Moderate,Growth visibility moderate due to limited public disclosures.,66,B- — Average Federer,Selective Pass,"Legitimate manufacturing operations exist, but visible moat strength appears moderate currently.",Positioned inside Hyderabad’s globally important bulk-drug ecosystem.,chemikoslabs.com; company profile
Viyona Pharmaceuticals India Private Limited,Small pharma manufacturer,www.viyonapharma.com,Hyderabad,CRO/clinical research organization,Pharmaceuticals / APIs / Formulations,"APIs, generic formulations, healthcare products",Private,Limited public info,—,Pharma manufacturing-focused company.,Moderate-Strong,API and formulation manufacturing capability present.,Strong,Telangana-based pharma operations integrated into Hyderabad ecosystem.,Moderate,Primarily manufacturing-oriented with limited visible specialty moat.,Moderate,Technical operations present but limited public R&D evidence.,Strong,India pharma exports and API localization trends support growth.,Moderate,Moderate scaling potential but limited public operational visibility.,65,B- — Average Federer,Selective Pass,"Real pharma manufacturing capability exists, but moat strength currently appears moderate.",Benefits from Hyderabad’s strong pharma supplier infrastructure.,viyonapharma.com; company references
Therapiva India Private Limited,Small pharma company,www.therapiva.com,Hyderabad,Pharma corporate office,Pharmaceuticals / Specialty Healthcare,"Specialty formulations, injectables, therapeutic products",Private,Limited public info,—,Healthcare manufacturing-oriented company.,Moderate,Manufacturing operations exist but public infrastructure visibility limited.,Strong,India-based pharmaceutical operations.,Moderate,Specialty-therapy positioning provides some differentiation potential.,Moderate,Limited public evidence regarding deep technical moat.,Strong,Specialty healthcare and chronic disease demand support sector growth.,Moderate,Appears early-to-mid-stage in visible scaling trajectory.,61,B- — Average Federer,Watchlist,"Potential exists in specialty healthcare positioning, though public visibility remains limited.",Positioned around higher-value specialty therapeutic products rather than pure commodity generics.,therapiva.com; company profile
Aurore Lifesciences Pvt. Ltd.,API manufacturer,www.aurorelifesciences.in,Hyderabad,Small biotech/pharma operations,Pharmaceuticals / APIs,"APIs, specialty APIs, intermediates",Private,V. Hari Kishan,Managing Director,API manufacturing entrepreneur with strong chemistry/process orientation.,Strong,Strong API manufacturing and export infrastructure with regulated-market orientation.,Strong,Deep Telangana pharma-manufacturing footprint.,Moderate-Strong,Process chemistry and specialty API focus create stronger barriers than commodity APIs.,Strong,Leadership strongly chemistry and manufacturing-driven.,Strong,API outsourcing and China+1 sourcing continue favoring Indian API firms.,Moderate-Strong,Export growth and regulated-market expansion support momentum.,84,A- — Emerging Federer,Positive Pass,Strong chemistry-led API manufacturer with credible export-oriented infrastructure.,Aurore specializes in technically optimized API manufacturing processes for regulated markets.,aurorelifesciences.in; company profile
Omniceutics,Nutraceutical/pharma brand,www.omniceutics.com,Hyderabad,Small pharma company,Nutraceuticals / Healthcare,"Nutraceuticals, wellness products, specialty supplements",Private,Limited public info,—,Nutraceutical and wellness-focused healthcare company.,Moderate,Manufacturing capability appears mid-scale and wellness-oriented.,Strong,India healthcare and wellness market positioning.,Moderate,Nutraceutical specialization offers moderate differentiation.,Moderate,Limited public technical/R&D visibility.,Strong,Preventive healthcare and supplement demand growing rapidly.,Moderate,"Growth sector attractive, though company scale visibility limited.",60,B- — Average Federer,Watchlist,"Attractive sector exposure, but visible operational moat currently modest.",Positioned within India’s rapidly expanding wellness and preventive-health market.,omniceutics.com; company references