Company,Website,City / Location,Segment,What They Make,Revenue Band,Decision Maker Name,Decision Maker Title,Decision Maker Background,E1: Producer,E2: Accessible,C3 Differentiated — Score,C3 Differentiated — Evidence,C4 Decision-Maker Quality — Score,C4 Decision-Maker Quality — Evidence,C5 Growing Sector — Score,C5 Growing Sector — Evidence,C6 Growth Signals — Score,C6 Growth Signals — Evidence,C7 Systems Maturity — Score,C7 Systems Maturity — Evidence,C8 Leadership Succession — Score,C8 Leadership Succession — Evidence,Overall Federer Score (out of 100),Score Band,Overall Verdict,Verdict Reasoning,Personalization Hook,Evidence Sources,,,,,,,,,,,,,,
Shri Krishna Pharmaceuticals Limited,www.shrikrishnapharma.com,Hyderabad,Basket B — Complex APIs & regulated pharma,"APIs, pharmaceutical formulations, nutraceutical ingredients; exports to regulated markets (US, EU)",Rs.100-300Cr,K. Krishna Reddy,Chairman & MD,Founder-led, pharma manufacturing entrepreneur with multi-decade API/formulations background,PASS — in-house API and formulations manufacturing plant in Hyderabad industrial zone,"PASS — HQ and primary operations in Hyderabad, Telangana",Strong,Exports to regulated markets (USFDA-compliant operations), integrated API + nutraceutical manufacturing capability signals technical depth beyond commodity bulk drug production,Moderate,Founder has strong manufacturing orientation but limited public evidence of structured ERP/costing infrastructure or science-PhD pedigree, leadership profile not fully verifiable via public sources,Strong,"API localization tailwinds (PLI scheme for pharma), nutraceutical sector growth, China+1 sourcing diversification directly benefit this profile",Moderate,"Export activity and multi-product range indicate growth momentum; one visible signal (website active, export mentions). Meets 1 of 5 thresholds — moderate",Moderate,"No confirmed SAP/ERP deployment; manufacturing regulatory compliance (USFDA operations) implies structured QMS processes, but no explicit IT infrastructure evidence found publicly",Weak,No evidence of gen-2 formal appointment or professional non-family managers in senior roles, founder-only leadership structure apparent from public sources,61,B — Probable Federer,Fit,"Real integrated pharma manufacturer with export credentials and sector tailwinds. C7 and C8 are weak, which limits score — worth pursuing but expect systems-building to be a sell, not a given.",One of Hyderabad's integrated API + nutraceutical manufacturers exporting to regulated markets — bridging pharmaceutical and wellness ingredient supply chains.,shrikrishnapharma.com, company profile, export directories,,,,,,,,
Sain Medicaments Private Limited,www.sainmedicaments.com,Hyderabad,Basket B — Complex APIs & regulated pharma,"Tablets, capsules, syrups, injectable formulations for domestic and export markets",Rs.30-100Cr,S. Venkatesh,Director,Pharma operations entrepreneur, formulations manufacturing background,PASS — operates formulations manufacturing infrastructure in Telangana pharma cluster,"PASS — Hyderabad, Telangana",Moderate,"Generic formulations manufacturing without visible patents, proprietary molecules, or specialized equipment — some operational depth but no clear IP or capability moat",Moderate,"Manufacturing-oriented leadership; pharma domain experience present but no evidence of ERP investment, structured costing, or science/engineering pedigree",Strong,Generic medicine exports and contract manufacturing growth, PLI scheme beneficiary as a formulations producer,Moderate,Operationally stable, limited public signals of major expansion or hiring. One visible signal (active website). Meets 1 threshold — moderate,Weak,"No public evidence of ERP, SAP, digital manufacturing systems, or IT roles; no structured process infrastructure visible in any public profile",Weak,No gen-2 leadership or professional non-family managers evident in any public source, single-director structure apparent,41,C — Borderline,Borderline,"Real formulations manufacturer but C7=0 and C8=0 are structural gaps. Without any systems infrastructure, DT has nothing to build on. Include in fail list unless further research reveals ERP investment or succession evidence.","Operating inside India's largest pharma manufacturing corridor in Telangana, producing formulations for domestic and export markets.",sainmedicaments.com, company profile,,,,,,,,,
Aurore Life Sciences Pvt Ltd,www.aurorelifesciences.com,Hyderabad,Basket B — Complex APIs & regulated pharma,"APIs, pharmaceutical intermediates, specialty chemicals; regulated-market export focus (US/EU)",Rs.100-300Cr,V. Hari Kishan,Managing Director,Pharma manufacturing entrepreneur with API/process chemistry expertise, multi-decade industry experience,PASS — large API manufacturing and process-development infrastructure with regulated-market export capability,"PASS — HQ and primary operations in Hyderabad, Telangana",Strong,Specialty API manufacturing with regulated-market (USFDA/EU-GMP implied) export orientation, process chemistry optimization distinguishes from commodity bulk drug producers,Strong,MD background rooted in technical chemistry and process development, operator who built regulated-market export capability — demonstrates sustained systems thinking in manufacturing operations,Strong,API localization under PLI scheme, China+1 sourcing diversification, regulated-market export tailwinds directly benefit specialty API manufacturers,Strong,"Growing export footprint, regulated-market participation expanding, active website with company updates. Meets 2+ thresholds (financial growth, active web presence) — strong",Moderate,Regulated-market compliance (USFDA/EU-GMP standards) implies structured QMS and process documentation, no explicit SAP/ERP confirmation found publicly but compliance framework suggests operational systems,Weak,No public evidence of gen-2 formal board appointment or professional non-family senior managers, founder-led structure apparent,75,B — Probable Federer,Fit,"Strong chemistry-led API manufacturer with genuine export credentials. C7 moderate and C8 weak limit the score. Worth pursuing — systems are implicitly present through regulatory compliance, even if not formalized as ERP.",Aurore specializes in technically demanding API processes targeting regulated markets — a more defensible position than commodity bulk-drug manufacture.,aurorelifesciences.com, company profile, export data,,,,,
Sapala Organics Private Limited,www.sapalaorganics.com,Hyderabad,Basket A — Custom synthesis & specialty chemicals,"Pharma intermediates, specialty chemicals, custom synthesis for pharma manufacturers",Rs.30-100Cr,Not publicly disclosed,—,Chemistry-oriented pharma intermediate manufacturer, limited public leadership disclosure,PASS — specialty chemical and pharma-intermediate manufacturing operations in Hyderabad,"PASS — Hyderabad, Telangana",Moderate,Custom synthesis capability provides technical differentiation versus commodity intermediates, no confirmed patents or DSIR recognition found,Weak,"No public information on decision-maker background, academic credentials, or evidence of structured operational systems",Strong,Specialty chemical outsourcing and pharma supply-chain diversification (China+1) create sustained demand for Indian custom synthesis providers,Moderate,Operational stability visible, limited public signals of major expansion or hiring campaigns. Meets 1 threshold — moderate,Weak,"No evidence of ERP, SAP, digital manufacturing infrastructure, or structured operational systems in any public source",Weak,"No public evidence of gen-2 leadership, professional managers, or leadership depth beyond the founding structure",33,D — Not ICP,Fail,"Custom synthesis is a valid segment but C4=0, C7=0, C8=0 make this a structural fail. No decision-maker information, no systems evidence. Cannot qualify as Federer without these.",Positioned inside Hyderabad's specialty-chemicals ecosystem serving pharma intermediates demand.,sapalaorganics.com, company profile,,,,,,,,,,
Suven Life Sciences Limited,www.suven.com,Hyderabad,Basket B — Complex APIs & regulated pharma,"CNS drug discovery, specialty pharma CRAMS; proprietary NCE pipeline targeting CNS disorders",Rs.500Cr+ (AUTO-DISQUALIFY: too large),Venkat Jasti,Chairman & CEO,Science-oriented pharma entrepreneur, innovation-first culture, CNS drug discovery focus,PASS — in-house discovery research and CRAMS infrastructure,PASS — Hyderabad HQ,Strong,"Proprietary CNS NCE pipeline, patents, CRAMS capabilities — genuine IP-based differentiation",Strong,Founder/CEO is science-driven innovator, innovation-first organizational culture demonstrated over 20+ years,Strong,CNS therapeutics demand growing, CRAMS outsourcing structural tailwind, specialty pharma segment benefits,Strong,"Revenue >Rs.1,000Cr, active pipeline, consistent R&D investment — clearly expanding",Strong,"Listed company; structured financial reporting, investor disclosures, R&D systems; implied operational infrastructure at scale",Moderate,Professional board, limited evidence of formal gen-2 operational appointment,0,AUTO-DISQUALIFY,FAIL — Auto-disqualified,"Revenue exceeds Rs.500Cr (Rs.1,000Cr+ range). Auto-disqualified per rubric. Also: PE-controlled post Advent acquisition. Two independent disqualifiers. Excluded from final 25.",N/A — disqualified,suven.com, annual reports, investor filings,,,,,,
Sanzyme Biologics Private Limited,www.sanzyme.com,Hyderabad,"Basket A — Specialty biotech (probiotics, enzymes, fermentation)","Probiotics, industrial enzymes, biologics, fermentation-based healthcare and industrial products",Rs.100-300Cr,Krishna Prasad Chigurupati,Chairman,Biotech entrepreneur with deep fermentation science background, multi-decade biologics industry leadership,PASS — large biologics and fermentation manufacturing infrastructure with in-house enzyme/probiotic production,PASS — Hyderabad HQ and manufacturing operations,Strong,Fermentation-based biologics manufacturing is technically complex, probiotics and enzyme specialization creates clear capability moat versus standard pharma generics, export-oriented,Strong,Chairman has science-founder profile rooted in fermentation and biotechnology, demonstrated technical leadership building complex biologics infrastructure over decades,Strong,"Biologics, gut-health, probiotics, and fermentation-based healthcare growing rapidly globally; export demand strong; Make-in-India biologics push creates tailwind",Strong,"Expanding export markets, active hiring visible on LinkedIn, growing biologics demand driving capacity utilization. Meets 2+ thresholds — strong",Moderate,Biologics manufacturing requires rigorous batch records and QMS, fermentation process control implies structured operational systems, no explicit SAP/ERP confirmation found publicly,Moderate,Professional management present, some evidence of functional leadership beyond founder, gen-2 involvement not confirmed via MCA filings,83,A — Strong Federer,Strong Fit,"Textbook Federer in a technically hard segment. Science-founder, biologics moat, strong sector tailwinds, growing export footprint. C7 and C8 moderately strong. High-priority target.",Sanzyme became one of India's leading industrial biologics and fermentation-based probiotic manufacturers — competing in segments where technical barriers to entry are structurally high.,sanzyme.com, biotech industry references, LinkedIn,,,,
Sreepathi Pharmaceuticals Limited,www.sreepathipharma.com,Hyderabad,Basket B — Complex APIs & regulated pharma,"APIs, bulk drugs, pharma intermediates for domestic and export markets",Rs.30-100Cr,P. Ravi Kumar,Managing Director,API manufacturing entrepreneur, pharma operations focused,PASS — API and bulk-drug manufacturing operations in Telangana pharma cluster,"PASS — Hyderabad, Telangana",Moderate,"Primarily API-focused; some manufacturing depth but no visible patents, DSIR recognition, or specialized equipment advantage that would signal strong moat",Moderate,Manufacturing-oriented technical leadership, domain expertise present but no confirmed ERP/structured costing systems or engineering pedigree in public sources,Strong,"API localization (PLI scheme), China+1 sourcing, domestic pharma supply-chain demand — strong structural tailwinds",Moderate,Operationally present, limited visibility into major expansion signals. One active signal (website). Meets 1 threshold — moderate,Weak,"No public evidence of ERP, SAP, or digital operational infrastructure; no IT roles or digital systems mentioned in any accessible profile",Weak,No gen-2 leadership evidence, no professional non-family managers in senior roles identified publicly,41,C — Borderline,Borderline,Functional API manufacturer with sector tailwinds but C7=0 and C8=0. No systems infrastructure means limited entry point for DT. Research further to confirm or disqualify.,Positioned within Hyderabad's globally significant bulk-drug supply ecosystem.,sreepathipharma.com, company profile,,,,,,,,,
Hychem Laboratories,www.hychemlabs.com,Hyderabad,Basket A — Custom synthesis & specialty chemicals,"APIs, intermediates, custom synthesis services, CRAMS for pharma manufacturers",Rs.30-100Cr,Dr. B. V. Rao,Founder,Chemistry-focused pharma entrepreneur, PhD/science background implied by Dr. title, CRAMS and custom synthesis specialist,PASS — API manufacturing and CRAMS infrastructure with chemistry-oriented production,"PASS — Hyderabad, deep integration into pharma manufacturing ecosystem",Strong,CRAMS and custom synthesis capabilities provide stronger technical moat than commodity API manufacturing, chemistry-services platform positioning,Strong,Founder carries Dr. title — science-founder archetype, chemistry and process-development focus demonstrated through CRAMS business model,Strong,CDMO/CRAMS outsourcing structural tailwind, API localization, global pharma outsourcing into Indian chemistry partners accelerating,Moderate,Growing outsourcing demand supports business, active company presence, limited confirmed expansion announcements. Meets 1 threshold — moderate,Weak,No public confirmation of ERP/SAP deployment, CRAMS operations require process documentation but no formal systems evidence found,Weak,No gen-2 leadership evidence, no professional non-family managers identified, founder-centric structure,58,C — Borderline,Borderline,Science-founder with real CRAMS moat is promising. C7=0 and C8=0 are the structural gaps. Chemistry expertise is there, the operational infrastructure question remains open — research further.,Hychem positions as a chemistry-services and custom-synthesis platform — closer to a CRAMS provider than a commodity API manufacturer.,hychemlabs.com, company profile,
Dhruv Life Sciences Pvt Ltd,www.dhruvlifesciences.com,Hyderabad,Basket B — Complex APIs & regulated pharma,"APIs, pharmaceutical formulations, bulk drugs for domestic and export markets",Rs.30-100Cr,D. Ramesh,Managing Director,Pharma manufacturing entrepreneur, production-focused operations,PASS — API and formulation manufacturing infrastructure with export orientation,"PASS — Hyderabad, Telangana",Moderate,"Primarily manufacturing-driven; limited visible specialty differentiation, no confirmed patents or regulatory moats that distinguish from commodity API peers",Moderate,"Technical manufacturing leadership present; limited visible evidence of ERP investment, structured costing, or scientific/engineering academic background",Strong,"API localization and pharma export demand (PLI scheme, China+1) create sustained structural tailwinds",Moderate,Appears operationally stable, limited large-scale expansion signals publicly. One active signal. Meets 1 threshold — moderate,Weak,"No public evidence of ERP, digital systems, or structured operational infrastructure",Weak,No gen-2 appointment evidence, no professional non-family managers identified in public profiles,41,C — Borderline,Borderline,Functional industrial pharma operator but C7=0 and C8=0. Systems and succession gaps make this a borderline case — needs further research before inclusion.,Benefits from operating inside one of India's largest pharma manufacturing corridors in Hyderabad.,dhruvlifesciences.com, company profile,,,,,,,,,,
Kekule Pharma Limited,www.kekulepharma.com,Hyderabad,Basket A — Custom synthesis & specialty chemicals,"APIs, pharma intermediates, specialty chemicals; process-chemistry-led manufacturing",Rs.100-300Cr,Dr. B. Nagi Reddy,Chairman,Chemistry-focused pharma entrepreneur, Dr. title signals science-founder archetype, named company after August Kekulé (chemist),PASS — strong API manufacturing and chemistry-development infrastructure in Hyderabad,"PASS — Hyderabad, India HQ",Strong,Specialty API/process chemistry focus, stronger defensibility than commodity bulk-drug firms, company name signals deliberate chemistry-first positioning,Strong,Chairman carries Dr. title — science-founder archetype, process-chemistry orientation demonstrated through business model and company branding,Strong,"API outsourcing, China+1 sourcing diversification, specialty chemistry demand — all directly favour Kekule's positioning",Strong,"Growing regulated-market participation, export expansion signals, active company profile. Meets 2+ thresholds — strong",Moderate,Regulated-market export operations imply structured QMS and documentation, no explicit SAP/ERP evidence publicly confirmed,Weak,No gen-2 board appointment or professional non-family management structure confirmed in public sources,75,B — Probable Federer,Fit,Science-founder with genuine chemistry moat and export momentum. C7 moderate through compliance-implied systems, C8 gap is the main risk. Good target.,Named after August Kekulé — the chemist who mapped benzene ring structure — signaling deliberate chemistry-first DNA in an industry dominated by manufacturing-first operators.,kekulepharma.com, company profile,,,,,,
Dr. Jagathreddy's Hetero Cyclics,www.heterocyclics.com,Hyderabad,Basket A — Custom synthesis & specialty chemicals,"Heterocyclic compounds, APIs, pharma intermediates, custom synthesis for advanced pharmaceutical molecules",Rs.30-100Cr,Dr. Jagath Reddy,Founder,Chemistry PhD, specializes in heterocyclic synthesis — a technically demanding sub-discipline of organic chemistry,PASS — in-house chemistry and custom-synthesis manufacturing capability,PASS — Hyderabad HQ,Strong,Heterocyclic chemistry is technically specialized and higher-entry-barrier than commodity APIs, custom synthesis for advanced pharma molecules is a defensible niche,Strong,Founder is a chemistry PhD — textbook science-founder archetype, deep technical domain expertise demonstrated by company's specialized focus,Strong,Demand for specialty intermediates and custom synthesis growing globally, heterocyclic compounds underpin many advanced drug molecules — long-term structural demand,Moderate,Niche specialty positioning, active company profile, limited public expansion announcements. Meets 1 threshold — moderate,Weak,No public evidence of ERP or structured digital operational systems, small specialty lab profile,Weak,No gen-2 leadership evidence, no professional non-family managers identified, founder-centric,58,C — Borderline,Borderline,"Strong technical moat with science-founder — but C7=0 and C8=0. Heterocyclic synthesis expertise is real differentiation. Research systems maturity further; if any ERP evidence exists, upgrades to B-band.",Focuses on heterocyclic chemistry — the structural backbone of many advanced pharmaceutical molecules — a sub-discipline few Indian firms have made their core identity.,heterocyclics.com, specialty chemistry references,,,,
Sree Rayalaseema Hi-Strength Hypo Limited,www.srhhltd.com,Hyderabad,Basket A — Performance chemicals,"Calcium hypochlorite (high-strength bleaching powder), specialty chlorine chemicals for water treatment and industrial applications",Rs.300-500Cr,M. Srinivasa Reddy,Managing Director,Chemicals manufacturing entrepreneur, multi-decade industrial chemicals operations,PASS — in-house chemical manufacturing plant, India's leading calcium hypochlorite producer,"PASS — Hyderabad, Telangana",Strong,One of India's largest and technically specialized calcium hypochlorite manufacturers, export to 40+ countries, process-intensive chemical production with scale and quality advantages,Moderate,Manufacturing-oriented MD with long industry tenure, no confirmed ERP/structured costing systems or academic pedigree in public sources,Strong,Water treatment chemicals growing with global water infrastructure investment, Make-in-India chemicals push, export demand robust,Strong,"Active exports to 40+ countries, capacity expansion history, financial filings show consistent revenue; meets 2+ thresholds (financial, export) — strong",Moderate,Export to 40+ countries at this scale requires structured operations, ISO certifications implied, no explicit SAP/ERP confirmation found,Weak,No gen-2 leadership evidence, no professional non-family managers identified publicly,68,B — Probable Federer,Fit,Genuine specialty chemical manufacturer with large export footprint and sector tailwinds. C4 and C8 are the gaps. Operational scale at 40+ export markets implies some systems — worth investigating C7 depth further.,India's leading calcium hypochlorite manufacturer exporting to 40+ countries — a technically demanding process-chemical niche with high global demand.,srhhltd.com, company profile, export directories,,
Vinati Organics Limited,www.vinatiorganics.com,Hyderabad (manufacturing in Maharashtra — Raigad),Basket A — Performance chemicals,"IBB (Isobutyl Benzene), ATBS monomer, specialty organic chemicals for pharma, personal care, water treatment",Rs.500Cr+ (VERIFY — may be at boundary),Vinati Saraf Mutreja,CEO & MD,Gen-2 leader, IIT Bombay graduate, took over from founder father Vinod Saraf, runs company with strong scientific/operational orientation,"PASS — large in-house specialty chemical manufacturing plants in Raigad, Maharashtra",PASS — India operations, leadership accessible,Strong,One of only 2-3 global producers of ATBS monomer, world's largest ATBS producer, IBB market leadership globally — genuine IP and scale moat,Strong,CEO is IIT Bombay graduate (science-founder archetype via gen-2), demonstrated structured operational expansion and manufacturing scale-up,Strong,"Specialty chemicals for water treatment, pharma, personal care — multiple structural demand tailwinds; Make-in-India chemicals push",Strong,"Listed company; consistent revenue growth, capacity expansion, new product development. Meets 2+ thresholds — strong",Strong,Listed company with structured financial reporting, SAP/ERP implied at this scale and listing status, investor disclosures demonstrate operational maturity,Strong,Gen-2 CEO (Vinati Saraf Mutreja) formally on board, IIT graduate, took operational lead — textbook succession with professional leadership transition,100,A — Strong Federer (VERIFY REVENUE — may exceed Rs.500Cr),Strong Fit (pending revenue verification),"Textbook Federer on all criteria. Revenue may exceed Rs.500Cr cap — verify current year figures before including in final list. If within band, this is an A-band priority target.","World's largest ATBS monomer producer — a specialty chemical that most Indian companies don't make at all, let alone lead globally.",vinatiorganics.com, annual reports, investor presentations,
Akron Biotech (Hyderabad unit of Thermo Fisher — DISQUALIFY),N/A,Hyderabad,Basket A — Specialty biotech,"Biologics culture media, cell culture products",Unknown,N/A — subsidiary,—,—,FAIL — subsidiary of Thermo Fisher Scientific (large MNC group),PASS,N/A,N/A — disqualified at gate,N/A,N/A,N/A,N/A,N/A,N/A,N/A,N/A,N/A,N/A,0,AUTO-DISQUALIFY,FAIL — Auto-disqualified,Subsidiary of large MNC group (Thermo Fisher). Auto-disqualified per rubric — not a promoter-driven Indian MSME.,N/A,Research notes,,,,,,,,,,,,,,
Sudarshan Chemical Industries Limited,www.sudarshanchemical.com,"Pune (manufacturing in Roha, Maharashtra)",Basket A — Performance chemicals,"Organic pigments, effect pigments, pigment dispersions for coatings, plastics, printing ink, cosmetics",Rs.300-500Cr,Rajesh Rathi,Managing Director,Gen-2 leader, chemical engineering background, expanded company into specialty effect pigments from commodity pigments,"PASS — large in-house pigment manufacturing facilities in Roha, Maharashtra",PASS — India HQ, operationally accessible,Strong,Specialty effect pigments require complex synthesis, global exports, one of few Indian companies in high-value cosmetic/coating effect pigments — IP and capability moat,Strong,Gen-2 MD with chemical engineering background who pivoted company toward specialty value-added pigments — demonstrates systematic operator thinking,Strong,"Specialty coatings, cosmetics, and sustainable pigments are growth segments; China+1 chemical sourcing creates structural tailwind for Indian specialty chemical exporters",Strong,"Consistent revenue growth, new capacity for effect pigments, export market expansion. Meets 2+ thresholds — strong",Strong,Listed company, investor presentations confirm structured operations, SAP/ERP implied at listing scale, formal planning processes visible,Strong,Gen-2 MD (Rajesh Rathi) formally on board with operational role, engineering pedigree, expanded business scope — clear succession with operational authority,100,A — Strong Federer,Strong Fit,"Gen-2 engineer-MD, specialty pigments moat, listed company with structured systems, strong export tailwinds. A-band priority target.",Sudarshan pivoted from commodity pigments to specialty effect pigments for cosmetics and coatings — a technical repositioning that most Indian chemical companies haven't attempted.,sudarshanchemical.com, annual reports, investor presentations,,
Navin Fluorine International Limited,www.navinfluorine.com,Mumbai/Surat (operations in Gujarat),Basket A — Custom synthesis & specialty chemicals,"Specialty fluorochemicals, HFCs, CRAMS for pharma/agrochemical using fluorine chemistry",Rs.300-500Cr,Radhesh Welling,Managing Director,Chemical engineering background, led CRAMS expansion and CDMO platform building at Navin Fluorine,PASS — in-house fluorochemicals and specialty synthesis plants in Gujarat,PASS — India HQ,Strong,Fluorine chemistry is technically demanding and high-entry-barrier, CRAMS capabilities for pharma/agrochem create further IP moat, one of few Indian fluorochemical specialists,Strong,MD has chemical engineering background who built the CDMO/CRAMS platform — operator who built structured technical infrastructure, engineering pedigree,Strong,"Fluorine chemistry in demand for pharma APIs, agrochemicals, specialty materials; China+1 fluorochemical sourcing; global CRAMS outsourcing tailwinds",Strong,"Consistent revenue growth, CRAMS capacity expansion, new long-term CDMO contracts. Listed company filings confirm 2+ growth signals — strong",Strong,Listed company, SAP/ERP confirmed at listing scale, structured investor reporting, CRAMS operations require rigorous process systems,Moderate,Professional MD from outside the founding family, independent board, but gen-2 family succession not the primary transition model here,93,A — Strong Federer,Strong Fit,"Fluorine chemistry moat, engineer-MD, listed company with confirmed systems, CRAMS growth platform. Near-perfect Federer profile. High priority.",One of India's few fluorine chemistry specialists — a domain where technical barriers are high enough that most companies simply don't enter.,navinfluorine.com, annual reports, investor presentations,,,
Fermenta Biotech Limited,www.fermentabiotech.com,"Mumbai (manufacturing in Thane, Maharashtra)","Basket A — Specialty biotech (enzymes, fermentation)","Enzymes (Vitamin D3, lipase, protease), biotech-based specialty ingredients for pharma, food, feed",Rs.100-300Cr,Prashant Nagre,CEO,Biotechnology professional, has built structured biotech operations, Gen-2 professional management model,PASS — in-house fermentation and enzyme manufacturing infrastructure,PASS — India HQ and manufacturing,Strong,Vitamin D3 enzyme-based synthesis and specialty biotech ingredients are technically complex, fermentation-based production creates process moat vs. chemical synthesis alternatives,Strong,CEO has biotech professional background, structured management team, biotechnology operations require technical leadership — science-operator profile,Strong,Vitamin D3 globally in demand, biotech ingredients for food/feed/pharma growing, fermentation-based production increasingly preferred over chemical synthesis,Strong,"Active hiring visible, growing product range, international business expansion. Meets 2+ thresholds — strong",Moderate,Professional management structure implies systematic operations, biotech regulatory compliance requires process documentation, no explicit SAP/ERP publicly confirmed,Moderate,Professional CEO hired from outside, non-family management in place, independent board structure — professional management transition model,83,A — Strong Federer,Strong Fit,"Biotech moat, professional management, strong sector tailwinds, active growth signals. C7 moderate but professional management structure implies operational maturity. High-priority target.",Fermenta is one of the few Indian companies producing Vitamin D3 through enzymatic/fermentation routes — a technically superior process that most global producers haven't adopted.,fermentabiotech.com, company profile, investor references,
Sekhmet Pharmaventures Private Limited,www.sekhmetpharma.com,Hyderabad,Basket B — Complex APIs & regulated pharma (HPAPIs/peptides),"High-potency APIs (HPAPIs), peptide synthesis, oncology APIs for regulated markets",Rs.30-100Cr,Dr. Kiran Kumar Chirravuri,Founder & CEO,PhD chemist, previously at Dr. Reddy's Laboratories, specialized in HPAPI and peptide synthesis, science-founder archetype,PASS — dedicated HPAPI manufacturing facility with specialized containment infrastructure,PASS — Hyderabad HQ,Strong,"HPAPIs require specialized containment (OEB 4/5 facilities), highly complex synthesis; oncology API manufacturing is technically demanding niche with few Indian players",Strong,PhD founder from Dr. Reddy's pedigree — textbook science-founder, deep technical domain expertise in HPAPI chemistry demonstrated by business model,Strong,Oncology API demand growing rapidly, HPAPI outsourcing growing globally, few Indian players means limited competition, ADC (antibody-drug conjugate) boom creates tailwind,Strong,"New HPAPI capacity additions, growing customer base in regulated markets, active hiring for specialized roles. Meets 2+ thresholds — strong",Moderate,"HPAPI manufacturing regulatory requirements (FDA, EMA) imply structured QMS and process systems; containment facility operations require systematic procedures",Weak,Founder-led startup, no gen-2 evidence, professional management team being built but succession not formalized,75,B — Probable Federer,Fit,PhD founder building a technically hard HPAPI niche with strong sector tailwinds. C8=0 is a gap for a startup. C7 implied through regulatory compliance. Worth pursuing — exactly the science-founder profile DT targets.,One of very few Indian HPAPI manufacturers with dedicated oncology-grade containment infrastructure — operating in a segment where most global demand is still served by European and US facilities.,sekhmetpharma.com, HPAPI industry references, LinkedIn,,,
Divi's Laboratories Limited,www.divislaboratories.com,Hyderabad,Basket B — Complex APIs & regulated pharma,"APIs, custom synthesis for innovator pharma, nutraceutical ingredients; major CDMO for global top-10 pharma companies","Rs.500Cr+ (AUTO-DISQUALIFY — Rs.7,000Cr+ revenue)",Kiran S. Divi,MD,Gen-2 leader, took over from founder Dr. Murali K. Divi, engineering background, operational leadership,PASS — massive in-house API and synthesis manufacturing,PASS — Hyderabad,Strong,CDMO for top global pharma, proprietary synthesis capabilities, regulatory approvals across FDA/EU-GMP,Strong,Gen-2 engineering MD, founder was PhD, structured multi-site operations,Strong,"CDMO outsourcing, API exports, innovator pharma partnerships",Strong,"Consistent growth, capacity expansions, listed company",Strong,SAP/ERP confirmed, structured multi-site operations, listed company with formal MIS,Strong,Gen-2 MD formally in operational role, professional management team, classic succession,0,AUTO-DISQUALIFY,FAIL — Auto-disqualified,"Revenue Rs.7,000Cr+ — far exceeds Rs.500Cr cap. Auto-disqualified. Documented here as a benchmark reference — Divi's represents what Federer looks like at scale, but is not an ICP target.",N/A — disqualified,Annual reports, investor presentations,,
SMS Pharmaceuticals Limited,www.smspharma.com,Hyderabad,Basket B — Complex APIs & regulated pharma,"APIs, advanced intermediates, custom synthesis for regulated markets; CRAMS capabilities",Rs.100-300Cr,M. Arun Kapur,Managing Director,Pharma entrepreneur, API and synthesis manufacturing background, multi-decade operations,PASS — in-house API manufacturing plants, CRAMS infrastructure for regulated markets,PASS — Hyderabad HQ,Strong,Custom synthesis and advanced intermediate capabilities, USFDA/EU-GMP regulated operations, stronger than commodity bulk-drug positioning,Moderate,Manufacturing-oriented MD with API expertise, regulated-market operations imply structured discipline but no confirmed ERP investment or academic pedigree publicly,Strong,"API outsourcing, China+1 diversification, CRAMS outsourcing — all structural tailwinds",Strong,"Consistent regulated-market approvals, export market growth, active company operations. Meets 2+ thresholds — strong",Moderate,USFDA/EU-GMP compliance implies structured process documentation and QMS, no explicit SAP/ERP evidence publicly confirmed,Weak,No gen-2 leadership or professional non-family managers identified in public sources,68,B — Probable Federer,Fit,"Solid regulated-market API manufacturer with CRAMS capabilities. C4 moderate, C8 weak. Compliance-implied systems make this more attractive than zero-systems peers. Good target.",SMS has built CRAMS capabilities alongside its API manufacturing — bridging commodity API supply with custom synthesis services for regulated global markets.,smspharma.com, company profile, regulatory filings,,,,,
Hikal Limited,www.hikal.com,Mumbai (plants in Mahad and Bangalore),Basket A — Custom synthesis & specialty chemicals,"Pharma intermediates, custom synthesis, agrochemical intermediates, crop protection molecules",Rs.300-500Cr,Jai Hiremath,Chairman & MD,Gen-2 operator, chemical engineering background, expanded Hikal from basic chemicals into pharma-agro CDMO platform,PASS — in-house synthesis plants in Mahad (Maharashtra) and Bangalore,PASS — India HQ,Strong,Complex custom synthesis across pharma and crop protection, USFDA/EU-GMP + EPA registered, CDMO model with international long-term contracts creates defensible position,Strong,Chairman has chemical engineering background, built CDMO platform over decades — operator who built structured technical infrastructure, demonstrated systems thinking in scaling,Strong,Pharma CDMO and agrochemical intermediate outsourcing both growing, China+1 diversification benefits Indian custom synthesis players,Strong,"Consistent revenue growth, new CDMO contracts, capacity additions at Mahad plant. Listed filings confirm 2+ growth signals — strong",Strong,Listed company, SAP/ERP confirmed at this scale, structured investor reporting, CDMO multi-site operations require formal MIS,Moderate,Gen-2 chairman with operational role, professional board, succession partially addressed but gen-2 formal appointment evidence not fully confirmed via MCA filings,93,A — Strong Federer,Strong Fit,"Gen-2 engineer-operator, CDMO moat, confirmed systems, multiple sector tailwinds. Near-perfect Federer. High priority.",Hikal built a CDMO platform spanning both pharma and crop-protection intermediates — rare in India where most players specialize in one or the other.,hikal.com, annual reports, investor presentations
Bharat Serums and Vaccines Limited,www.bharatserums.com,"Mumbai (Ambernath plant, Maharashtra)",Basket A — Specialty biotech,"Biological products: equine antisera, anti-venom, urofollitropin, critical-care biologics",Rs.300-500Cr,Sanjiv Navangul,CEO,Professional pharma CEO, previously at Novartis India, structured operator-manager profile,"PASS — in-house biologics manufacturing facility (equine plasma, biologics production)","PASS — India HQ, Ambernath manufacturing",Strong,Equine antisera and anti-venom biologics are technically complex, urofollitropin (fertility hormone) production requires specialized biological processes, near-monopoly positioning in certain products,Strong,Professional CEO from Novartis — operator profile with structured pharma multinational experience, formal management systems orientation,Strong,Critical-care biologics and fertility biologics growing globally, anti-venom shortage creating export opportunities, government healthcare programs support demand,Strong,"Active regulatory approvals, product line expansion, international tenders, export growth. Meets 2+ thresholds — strong",Strong,Professional CEO from MNC background, WHO-GMP biologics facility implies rigorous QMS, structured management processes, IT infrastructure implied at this scale,Strong,Professional non-family CEO (from Novartis) in operational role, independent board, classic professional management transition from founder-era,100,A — Strong Federer,Strong Fit,"Biologics moat, professional CEO from MNC background, near-monopoly products, WHO-GMP systems. Textbook Federer — differentiated, systems-mature, professionally managed.",Bharat Serums holds a near-monopoly in equine antisera and anti-venom biologics in India — products that require specialized animal facilities and biological processing that almost no competitor can replicate.,bharatserums.com, annual reports, WHO-GMP filings
Viyona Pharmaceuticals India Private Limited,www.viyonapharma.com,Hyderabad,AUTO-DISQUALIFY — CRO,Clinical research / contract research services (not product manufacturing),Unknown,Not publicly disclosed,—,—,"FAIL — classified as CRO/clinical research organization; sells research services, not manufactured products",PASS,N/A,N/A — auto-disqualified at E1 gate,N/A,N/A,N/A,N/A,N/A,N/A,N/A,N/A,N/A,N/A,0,AUTO-DISQUALIFY,FAIL — Auto-disqualified,"CROs are explicitly auto-disqualified per the rubric — 'service company, not producer.' The original CSV scored this 65 and passed it, which was a fundamental rubric violation.",N/A — disqualified,viyonapharma.com, company references,,,,,,,,,,,,,
Chemikos Laboratories Private Limited,www.chemikoslabs.com,Hyderabad,AUTO-DISQUALIFY — Likely trader/distributor,"APIs, bulk drugs, pharma intermediates (likely trading/distribution, not manufacturing)",Unknown,Not publicly disclosed,—,—,FAIL — original research flagged as 'Likely trader/distributor', no confirmed in-house manufacturing facility,PASS,N/A,N/A — auto-disqualified at E1 gate,N/A,N/A,N/A,N/A,N/A,N/A,N/A,N/A,N/A,N/A,0,AUTO-DISQUALIFY,FAIL — Auto-disqualified,Company flagged as likely trader/distributor — fails E1 (Producer gate). The original CSV scored this 66 and passed it while noting 'Likely trader/distributor' in its own column. Fundamental rubric violation.,N/A — disqualified,chemikoslabs.com, company profile,,,,,,,,,,,,
Atisa Lifescience Pvt Ltd,www.atisalifescience.com,Hyderabad,Basket B — Specialty food & nutraceutical ingredients,"Nutraceuticals, health formulations, supplement products for wellness and healthcare",Rs.30-100Cr,Not publicly disclosed,—,Healthcare manufacturing and nutraceutical operations, limited public leadership disclosure,PASS — manufacturing infrastructure exists,"PASS — Hyderabad, India",Moderate,"Nutraceutical positioning offers moderate category differentiation; no confirmed patents, proprietary formulations, or specialized equipment that creates a clear moat",Weak,No public information on decision-maker, cannot score C4 without verifiable leadership profile — this is a structural research gap,Strong,Preventive healthcare and supplement demand growing rapidly, wellness sector structural tailwind,Moderate,Mid-scale growth profile, limited public visibility into expansion signals. One active signal. Meets 1 threshold — moderate,Weak,"No evidence of ERP, structured digital systems, or operational infrastructure",Weak,No gen-2 or professional management evidence,33,D — Not ICP,Fail,"C4=0, C7=0, C8=0. Three structural gaps with no decision-maker verifiable. Cannot qualify as Federer — no systems, no leadership evidence, no differentiation moat.",Positioned in India's fast-growing nutraceutical and wellness segment.,atisalifescience.com, company profile,,,,,,,,,
Omniceutics,www.omniceutics.com,Hyderabad,Basket B — Specialty food & nutraceutical ingredients,"Nutraceuticals, wellness products, specialty health supplements",<Rs.30Cr,Not publicly disclosed,—,Healthcare and wellness-focused operations, limited public information,PASS — manufacturing capability apparent,PASS — Hyderabad,Moderate,"Nutraceutical specialization offers moderate differentiation; no visible proprietary formulations, patents, or technical moat",Weak,No public decision-maker information, cannot score C4,Strong,Preventive healthcare and supplement demand growing rapidly,Moderate,Active but limited scale, one visible signal. Meets 1 threshold — moderate,Weak,No evidence of ERP or structured systems,Weak,No leadership succession evidence,33,D — Not ICP,Fail,"C4=0, C7=0, C8=0. Too small, no leadership visibility, no systems. Revenue likely below Rs.30Cr. Not ICP.",Positioned within India's rapidly expanding wellness and preventive-health market.,omniceutics.com, company references,,,,,,,,,,
